gate	exit_status	log
00-git-status	0	qa-artifacts/CYBA-550/rerun-20260605T153755Z/logs/00-git-status.log
00-runtime-versions	0	qa-artifacts/CYBA-550/rerun-20260605T153755Z/logs/00-runtime-versions.log
01-frontend-lint	0	qa-artifacts/CYBA-550/rerun-20260605T153755Z/logs/01-frontend-lint.log
02-frontend-test-run	0	qa-artifacts/CYBA-550/rerun-20260605T153755Z/logs/02-frontend-test-run.log
03-frontend-build	0	qa-artifacts/CYBA-550/rerun-20260605T153755Z/logs/03-frontend-build.log
04-admin-lint	0	qa-artifacts/CYBA-550/rerun-20260605T153755Z/logs/04-admin-lint.log
05-admin-test-run	0	qa-artifacts/CYBA-550/rerun-20260605T153755Z/logs/05-admin-test-run.log
06-admin-build	0	qa-artifacts/CYBA-550/rerun-20260605T153755Z/logs/06-admin-build.log
07-partner-lint	0	qa-artifacts/CYBA-550/rerun-20260605T153755Z/logs/07-partner-lint.log
08-partner-test-run	0	qa-artifacts/CYBA-550/rerun-20260605T153755Z/logs/08-partner-test-run.log
09-partner-build	0	qa-artifacts/CYBA-550/rerun-20260605T153755Z/logs/09-partner-build.log
10-backend-ruff	0	qa-artifacts/CYBA-550/rerun-20260605T153755Z/logs/10-backend-ruff.log
